Actual,Predicted_RF,Predicted_XGB
11,8.130579933954932,7.8273983
11,9.79797619047619,9.058399
8,6.109047619047619,5.7211356
3,10.318369047619047,9.718025
4,16.743833333333335,9.231788
10,9.043643657683903,8.672902
10,4.792571428571428,4.4242086
1,1.7155,1.3658372
3,5.377686147186148,5.9679766
1,2.4299999999999997,2.2454767
12,2.2472702020202022,4.291408
1,4.8110357142857145,4.9899745
6,5.321142857142857,8.285706
20,10.989333333333338,10.489562
4,3.27,5.5915875
15,18.85225,17.592918
3,4.175940476190476,3.768278
9,9.904285714285715,8.188805
11,8.130579933954932,7.8273983
15,10.655785714285715,9.573942
1,1.01,3.1488504
6,1.3746190476190479,1.4577366
32,10.590916666666667,13.261484
8,6.58867857142857,7.546287
8,1.6225,2.1890178
9,10.246484487734485,9.387401
9,8.658595238095238,8.406824
7,7.363130952380951,8.406473
7,9.195508658008658,7.761047
31,6.642650793650794,10.157681
4,1.21,1.8105798
9,9.42920743145743,9.278557
1,1.2918809523809522,0.35901576
10,9.363595238095236,8.36017
29,13.121666666666664,14.660365
10,9.396591269841272,10.013175
6,3.375,5.1469755
10,3.7942207653457647,4.1292577
2,4.658185064935066,4.4318085
1,8.754683066933065,8.225795
43,12.123047619047618,12.828674
14,25.07490476190476,25.131678
28,18.604626984126984,20.512653
1,1.76,1.9464318
4,1.2423333333333333,0.7814479
1,1.2305,1.8797162
6,6.719991341991342,6.4548144
9,5.1143682802062065,6.897197
11,10.056530589424485,10.012338
36,13.615857142857145,16.706854
4,1.1148333333333333,3.3402078
20,28.11583333333333,28.869255
5,1.88,1.3565781
3,5.051440476190476,7.139314
24,20.677666666666667,15.800152
3,4.053354978354978,3.677578
10,9.957,10.68478
42,35.45,34.216774
10,8.113609307359308,8.61781
8,9.96672222222222,9.051794
1,1.8741587301587301,1.5114188
11,9.780792692285877,9.172753
4,11.105333333333332,9.310145
10,6.491896811521811,6.5623016
1,12.847047619047618,12.087887
9,9.54115476190476,9.509536
8,8.366523809523809,9.023012
31,5.0098095238095235,6.679584
1,5.283833333333333,6.999601
7,13.524999999999999,11.8628025
9,8.009534437784438,7.9091997
4,9.286004329004331,6.2326174
11,10.368230287342515,9.726606
3,4.156036019536018,5.389155
5,14.479833333333332,14.515827
3,10.59,9.997436
1,2.0216666666666665,2.9906893
11,10.318369047619047,9.718025
1,1.1566666666666667,1.7192309
1,1.223142857142857,2.9528759
8,14.41261111111111,10.906404
9,28.063000000000002,26.710379
8,10.348286796536797,9.141391
8,5.4866746031746025,6.8185925
11,15.302666666666664,17.735165
11,7.459440476190476,8.439065
36,30.24,30.404936
5,8.720615079365077,8.019811
1,1.64,1.9865029
11,8.921857142857142,8.374577
4,9.559666666666667,7.2341022
47,36.04,25.730982
1,1.35,0.9105243
23,16.28483333333333,17.384872
8,7.27438888888889,9.273994
2,1.0616666666666668,2.1279016
10,9.363595238095236,8.36017
11,10.648671828171825,10.012531
6,8.366523809523809,9.023012
15,5.41552380952381,4.620522
11,8.660928571428569,9.503781
10,7.9011428571428555,8.17709
9,9.153193833943833,8.636411
8,7.5352460317460315,8.666328
9,9.431761904761903,9.426021
10,6.828019841269846,7.5757933
1,1.3654523809523809,1.4254456
4,18.48628571428571,18.6615
2,1.4708333333333332,1.1945287
7,13.616880952380955,10.114796
1,1.4597500000000003,3.0546544
1,1.07,3.279969
11,9.232626984126988,9.093552
16,24.0015,23.544462
7,2.5729880952380957,3.7176933
14,4.580761904761904,5.434374
1,1.3025,1.1962271
2,1.0133333333333332,1.927331
1,3.26,1.3373262
3,3.739123015873017,7.1139417
1,1.646666666666667,1.3355908
1,9.25923015873016,8.829762
10,3.3864047619047626,5.7758737
11,10.9725,9.031882
2,5.377686147186148,5.9679766
11,10.593166666666669,8.891485
7,13.440095238095239,11.63911
10,7.380452380952379,7.93668
1,2.9455,7.420008
7,5.359782106782105,5.254898
9,4.424452380952381,4.295781
18,11.105333333333332,9.310145
11,8.661304473304472,8.2973585
5,2.9552857142857145,4.960465
11,10.814827561327558,9.28023
13,3.655142857142857,6.420165
1,1.704,3.883561
30,13.107571428571429,12.79448
3,2.97,4.957719
4,6.246214285714286,6.6626377
2,5.377686147186148,5.9679766
11,9.365579545454544,9.136253
23,24.87202380952381,24.30239
4,7.61,8.455664
6,7.490456349206353,7.397396
8,8.955795454545456,8.4757595
2,5.8353253968253975,5.946802
1,3.6775,6.1874566
6,7.097333333333335,6.861359
2,2.5450000000000004,2.4658694
2,1.5312857142857144,1.4257356
6,5.450928571428571,5.1525674
11,6.58867857142857,7.546287
3,3.713039238539239,8.262452
2,1.7180000000000002,1.7494681
1,3.1675468975468983,2.6382108
1,1.1842619047619045,1.4901509
10,5.450928571428571,5.1525674
7,4.976078282828283,5.072295
16,12.140833333333333,10.295954
11,10.034125874125875,8.762562
7,7.548333333333334,7.921559
1,1.1553333333333335,0.9565375
8,7.740357142857141,8.301444
9,10.359997668997671,10.565084
5,5.291640692640693,5.9869733
5,8.109013708513709,8.617373
1,1.6769523809523803,1.4598278
1,1.645,1.2217591
4,5.578658730158729,4.485258
6,11.540000000000003,11.234998
1,1.83,1.4252616
1,3.8345317460317467,3.469595
12,11.405,10.955697
9,27.135785714285714,21.25664
9,5.746579365079364,8.356842
9,7.740357142857141,8.301444
24,11.896333333333333,15.835995
9,9.208496749638387,9.144186
2,5.074333333333334,2.5497205
11,6.6508214285714295,7.7642994
11,9.363595238095236,8.36017
2,3.3466785714285714,4.250744
11,8.021126262626263,7.8377657
3,1.9352976190476192,2.1664424
11,11.0,10.381731
11,10.549821428571427,7.716609
1,1.531166666666667,2.457564
1,1.12,3.7949831
1,1.1139761904761905,1.1870344
41,24.0015,23.544462
1,2.7117222222222224,3.7232108
5,7.336,10.060898
10,10.953341269841271,8.493955
11,10.593166666666669,8.891485
1,9.64605735930736,6.856568
12,8.327,7.754293
7,8.248146825396825,7.636356
6,9.624641025641022,9.369689
5,7.9011428571428555,8.17709
5,2.0354444444444444,1.7731687
11,10.899690143190144,9.608906
10,9.259357142857143,8.762345
2,4.263714285714285,4.313981
1,1.7125,2.4355645
47,46.18,43.90706
11,9.208496749638387,9.144186
2,2.6716666666666664,2.7096639
10,7.112653318903318,7.330167
12,7.759166666666669,7.9192195
8,5.983666666666667,5.837202
11,10.648671828171825,10.012531
16,27.63,26.976425
4,7.4256746031746035,5.034868
1,20.257095238095236,17.979149
3,3.3466785714285714,4.250744
1,2.5513333333333335,2.1273575
2,2.683071428571428,4.4739904
1,9.014420634920636,6.676028
18,17.753833333333333,13.094803
10,7.311166666666667,4.6702437
19,15.215,10.12353
25,6.988928571428571,11.342127
30,12.760500000000002,15.712085
11,9.780792692285877,9.172753
1,3.589166666666667,4.0625653
1,2.0013333333333336,2.8220346
6,9.430023809523812,7.013828
11,9.6815,9.750785
11,10.227023809523809,8.945696
11,8.54345238095238,7.697542
9,9.989968253968254,9.847203
9,6.822214285714287,8.619623
1,3.3188333333333326,3.174483
5,6.733333333333335,8.6904745
39,36.11,34.179752
3,4.576333333333334,5.770812
1,17.647357142857143,19.874388
7,22.68942857142857,21.025734
10,7.978487012987013,6.74277
2,3.273333333333334,1.5375396
1,9.133550144300145,8.000217
10,6.522821245421246,5.9816384
9,6.819736263736264,6.8689733
3,1.4535119047619047,3.293357
1,1.58,0.9670358
8,5.393,5.330507
1,5.7968095238095225,4.548767
1,1.3454761904761903,1.6077348
7,8.182634920634921,8.413206
1,7.75898015873016,6.603545
15,14.38,12.317275
11,10.153642857142856,8.986287
5,21.58078571428571,22.285822
1,2.8724999999999996,3.5381384
9,4.188809523809524,5.648776
20,15.47485714285714,15.714006
2,4.652240620490621,5.32738
21,9.261666666666667,7.1528673
6,7.525666666666666,4.892881
3,2.5183333333333335,2.7813647
10,7.380452380952379,7.93668
10,10.166067460317459,9.985072
10,18.3792619047619,20.228346
11,10.368230287342515,9.726606
10,9.352300865800867,8.597951
1,1.7726666666666668,2.6380134
8,8.462847041847045,8.633692
9,10.20452380952381,8.556404
10,7.112653318903318,7.330167
11,9.5195,9.417691
2,9.115,2.3589838
1,1.36,-2.6599653
1,1.3168571428571432,1.2248067
11,9.302329725829726,8.648731
11,8.606357142857142,9.715356
1,10.17113492063492,11.478823
9,9.208710317460316,8.750647
2,23.031119047619043,21.034655
4,3.847857753357755,4.0056214
46,33.38,35.206047
2,4.792571428571428,4.4242086
21,4.03447546897547,4.67452
1,7.162761904761903,13.194303
19,2.4039047619047618,4.40455
7,3.655142857142857,6.420165
8,9.195508658008658,7.761047
2,1.4989999999999997,1.2438926
2,1.72,0.82619363
2,13.665285714285714,7.2803316
37,8.312000000000001,9.984595
1,33.2435,29.35425
3,3.8148510101010085,3.8011315
1,5.16302380952381,2.8386488
2,12.590297258297262,6.757172
7,6.5580952380952375,5.7516494
9,9.154785714285714,8.990544
9,4.96511904761905,5.632373
9,10.165976190476194,9.975655
1,2.4685555555555556,3.2846956
7,10.166067460317459,9.985072
16,16.762857142857143,16.115723
17,9.292595238095238,11.426021
7,7.38,9.038236
1,8.667965411222763,9.072622
10,7.9089145299145285,7.8013997
2,1.3783333333333334,1.791785
8,22.854285714285716,20.140896
1,1.5066428571428572,1.0577728
4,2.5439999999999996,2.00395
10,34.032500000000006,26.21245
6,5.4735000000000005,5.342872
10,21.72666666666667,22.055525
10,10.19209036229508,10.094815
1,8.343333333333334,10.145249
11,5.236566655566657,7.774505
32,15.520238095238094,16.431683
9,19.926214285714288,18.608988
9,24.963333333333335,22.021126
12,4.744135087135088,4.221928
4,7.9089145299145285,7.8013997
9,9.54115476190476,9.509536
1,3.8455919913419923,4.577346
1,4.945833333333334,3.7924838
1,1.0733333333333333,-0.41732648
1,1.1,2.7869308
11,6.125547258297259,7.876962
11,11.0,9.661767
3,1.6550000000000002,0.9185169
5,12.90753968253968,7.6374617
11,8.921857142857142,8.374577
11,10.302428571428571,9.891926
1,1.4272878787878789,3.1120057
8,9.624641025641022,9.369689
1,4.517103174603173,7.8573437
1,2.137,2.0070047
1,1.4663333333333333,2.4857752
20,6.998833333333334,7.4082446
2,1.1454761904761903,3.9397414
8,8.937289682539681,8.807078
1,2.883452380952381,3.4904137
1,9.912666666666667,13.635689
6,7.851896825396824,8.28936
3,2.5669999999999997,2.3438413
38,3.3876428571428567,5.582774
21,9.4445,10.434633
1,8.829,6.4897146
21,14.152904761904763,15.1163
24,14.014666666666667,13.084229
3,20.35514285714286,21.66899
44,35.12,37.118134
35,21.72666666666667,22.055525
1,30.315,29.36566
6,3.6500476190476188,4.719777
21,16.12342857142857,15.78563
5,2.541,4.465731
2,1.5758333333333334,1.7347928
12,9.011833333333334,8.161984
3,4.746023809523808,6.448535
4,2.820357142857142,2.145263
2,9.559666666666667,7.2341022
2,1.01,1.7291977
34,9.432500000000001,12.223951
1,1.365,4.4374504
4,9.259357142857143,8.762345
11,10.409333333333334,11.282384
4,6.596666666666668,9.0274
1,1.145,1.371484
1,6.483428571428572,5.0370665
21,16.155166666666663,17.692322
3,6.989476190476191,6.1750374
2,13.72833333333333,12.438871
32,15.884333333333334,10.38108
11,10.899690143190144,9.608906
1,1.12,1.7112701
11,10.908333333333335,9.024932
25,17.51966666666667,18.911808
1,1.8047619047619048,1.5569615
1,1.7768333333333333,2.4165127
1,18.204761904761902,17.27444
19,4.345722222222222,7.942193
1,1.6178333333333332,2.8160093
2,1.5526666666666664,2.166528
10,10.14392857142857,7.332706
2,7.75702380952381,4.037613
1,1.5758333333333334,1.7347928
1,2.5150833333333336,4.4639387
8,3.7808333333333337,2.983801
10,10.056530589424485,10.012338
4,1.7765,3.918338
1,1.4823333333333333,0.8531203
1,1.42,2.4352074
1,1.0,-0.37137395
4,2.21,0.93498206
9,10.495975108225108,10.160611
9,5.746579365079364,8.356842
1,1.2475,0.8832185
10,7.885559884559883,8.544729
5,8.54345238095238,7.697542
2,3.0087261904761906,3.6541543
18,7.503166666666666,9.995976
9,7.9089145299145285,7.8013997
9,10.115428571428572,8.592318
7,7.520988095238093,6.6523595
11,7.164786855372532,7.8473625
1,12.785999999999996,6.051974
21,22.780190476190477,24.213491
33,9.01457142857143,14.205321
5,9.54115476190476,9.509536
50,39.4625,42.76263
1,1.31,3.0279942
1,1.535,0.36481643
2,3.983936507936507,5.4714236
14,10.140059523809525,6.560181
8,3.4175,3.5055904
7,8.323092352092354,7.079257
7,17.745,15.2410345
1,1.1378809523809523,0.82874274
1,1.3825,1.3208758
1,1.593333333333333,0.8979585
11,9.237031746031747,9.626765
1,1.87475,3.2733848
10,10.93,8.519378
6,2.1925,2.1602046
11,3.1825634920634918,3.4593146
1,1.21,0.31409878
1,9.554285714285715,10.632634
8,8.013647186147187,8.587374
1,1.5154880952380951,1.9474562
10,7.9011428571428555,8.17709
1,1.5578333333333334,1.2118801
43,9.996166666666667,10.995898
26,15.162,14.822547
8,1.1566666666666667,2.0163152
6,16.086000000000002,18.212849
11,9.893317460317467,10.339039
11,10.256936507936508,9.864467
20,6.24897619047619,10.516014
2,5.607674603174603,6.141665
11,8.853650793650791,8.460309
3,6.454642857142858,9.370103
1,14.770761904761903,11.396726
10,10.908333333333335,9.024932
2,1.493,0.9901297
1,2.168388888888889,3.0546067
11,10.593166666666669,8.891485
1,1.21,1.8105798
11,16.407,12.3525305
1,9.118126984126985,6.2602057
5,7.305436507936511,5.676987
4,8.536690476190474,5.2282248
1,12.521166666666668,11.48991
1,3.0570277777777783,3.1408007
4,1.1816666666666666,1.9685005
10,9.624641025641022,9.369689
1,3.5163571428571436,3.5585394
1,5.7093333333333325,6.3388076
5,8.345321428571431,9.120205
3,4.94,5.3956404
3,5.9660079365079355,4.6451106
1,10.17113492063492,11.478823
22,19.109333333333336,19.227661
24,15.429146825396824,9.331754
1,8.576666666666668,7.207599
1,1.1125,1.2059674
10,8.99776984126984,8.529019
9,5.5785833333333334,6.894623
11,5.615630952380952,7.023857
12,5.3169642857142865,6.77176
17,5.607674603174603,6.141665
8,9.913892857142853,8.631963
3,3.556035714285714,2.1965709
1,2.1003333333333334,1.3039143
1,10.450575396825398,7.880508
11,8.130579933954932,7.8273983
41,19.5255,18.391676
9,7.350880952380951,9.317355
1,8.013019841269841,7.9848704
11,9.568819985569988,9.181724
6,9.208496749638387,9.144186
17,13.69083333333333,14.756705
1,1.2606666666666668,-2.366569
11,2.557722222222222,4.881019
8,10.034125874125875,8.762562
1,1.113047619047619,1.8502033
1,4.424452380952381,4.295781
1,1.7357142857142855,4.8237333
1,1.4823333333333333,1.1724744
11,10.472126984126982,10.126218
11,10.429242063492064,9.085325
9,9.1555,8.122633
9,7.548333333333334,7.921559
6,7.562494170861816,7.138933
8,8.569103174603175,8.6015
4,2.504095238095238,2.1017106
26,17.309511904761905,11.8551445
1,5.484808746808751,5.7107983
5,7.099000000000001,5.137422
5,1.3654523809523809,1.4254456
1,1.06,1.2178003
1,5.291640692640693,5.9869733
11,10.792079605207316,9.975765
34,18.55090476190476,17.768656
21,25.97,19.181162
11,10.41754437229437,9.541903
11,10.899690143190144,9.608906
1,3.3658333333333337,2.6496706
23,5.939833333333331,4.503495
1,3.669750000000001,1.2498956
12,8.130579933954932,7.8273983
27,22.175761904761902,20.827003
6,9.041333333333334,7.360225
1,1.3363888888888888,-0.50337076
40,24.98,27.629381
22,8.020690476190476,6.892042
7,2.280333333333333,2.732891
1,1.5154880952380951,1.9474562
11,7.880533910533909,9.035538
1,1.1808333333333332,0.6590778
13,7.6976547619047615,7.8320165
3,5.450928571428571,5.1525674
27,6.989476190476191,6.1750374
4,2.243833333333334,1.4582827
9,8.8556626984127,8.522744
11,7.615923704047926,7.161503
47,36.97,23.872143
8,8.323092352092354,7.079257
10,8.173837301587302,8.929783
2,1.6991666666666665,2.9055705
11,9.295011599511598,10.057287
11,7.688698412698414,8.094195
1,1.3375,2.561686
1,2.8011666666666666,1.8504937
11,11.0,9.598877
10,9.274008019758021,8.845381
10,8.001684704184703,8.807151
1,2.3716666666666666,1.8059331
3,1.0475,1.9593582
11,8.67616666666667,8.939803
6,9.761091269841272,9.08483
9,9.592837301587299,9.386434
22,4.142936507936509,5.2556796
1,1.223142857142857,2.9528759
1,4.600427849927851,6.811899
11,8.315011183261182,8.099729
8,7.9089145299145285,7.8013997
5,7.193333333333333,5.022343
21,4.112865079365081,4.5635033
1,6.7866904761904765,3.6135125
1,1.5091666666666665,2.3434646
1,1.5449999999999997,1.7320861
2,5.321142857142857,8.285706
1,3.168333333333334,2.3229117
11,20.262166666666666,12.883158
6,4.629277777777778,3.71649
8,10.989333333333338,10.489562
3,1.32,1.6722693
47,47.430007936507934,46.326965
16,7.011773809523812,7.065622
1,11.715,10.807223
3,10.75242857142857,7.2867355
31,11.944190476190474,15.5420065
12,6.853476190476189,7.7308536
7,6.9495000000000005,7.0650945
26,9.263666666666667,13.328827
35,13.615857142857145,16.706854
11,5.695265873015875,7.742732
13,5.072333333333334,3.1006055
2,5.377686147186148,5.9679766
11,9.91054761904762,9.700785
5,31.125833333333336,33.13877
1,3.2546666666666666,4.0051503
40,13.127333333333333,13.087299
1,2.7983333333333333,3.0495808
9,6.828019841269846,7.5757933
10,7.9089145299145285,7.8013997
1,4.970185064935063,6.3873773
8,9.989968253968254,9.847203
9,8.013647186147187,8.587374
19,20.5125,20.678312
5,12.90753968253968,7.6374617
1,2.828666666666667,2.7540982
1,6.077166666666667,5.7805524
27,9.841999999999999,12.473589
6,9.180551587301588,9.511082
4,4.647527777777778,5.899605
1,2.696,1.6185111
2,1.12,2.1015897
4,5.774279581529581,5.2575874
3,2.937833333333333,1.8984349
11,8.554548146298147,8.783375
2,3.26,4.0897017
10,8.366761904761905,8.187528
1,1.4236666666666666,1.330396
11,4.322857142857142,2.843683
3,10.632916666666667,8.337542
13,13.4825,10.637108
4,1.6326666666666667,1.1737392
1,8.182634920634921,8.413206
1,10.140059523809525,6.560181
7,5.095015873015873,4.454193
1,1.8058333333333334,1.803022
8,9.970091269841271,8.94384
10,8.658595238095238,8.406824
2,17.7252380952381,17.52288
5,5.051440476190476,7.139314
6,7.112653318903318,7.330167
3,15.026666666666667,24.085363
1,1.4542619047619048,0.9130188
1,3.831666666666667,4.175842
1,6.018619047619048,9.5613165
10,8.72,8.051157
1,1.4746666666666668,1.9088852
1,2.2528333333333332,0.89019245
2,5.983666666666667,5.837202
1,9.4445,10.434633
3,2.9073875013875012,5.148656
10,8.554572288822293,8.761796
6,5.404225746475746,5.2493706
1,9.780071428571427,9.839449
10,7.398083333333331,8.66828
6,8.937916666666668,7.4442263
11,10.52532178932179,9.862835
12,10.499,10.69003
10,9.431761904761903,9.426021
11,9.601545815295815,9.942141
4,5.245861111111108,5.669274
11,8.813940753690753,9.0633335
11,8.658595238095238,8.406824
2,1.2577619047619044,1.1556699
4,16.743833333333335,9.231788
20,20.35514285714286,21.66899
25,7.278904761904762,7.777062
2,5.017440476190476,3.5767758
1,1.2842738095238093,1.3286204
11,9.91054761904762,9.700785
2,7.562494170861816,7.138933
2,1.5245000000000002,1.736483
2,1.2958333333333332,0.40254843
7,8.906047979797979,8.145107
11,9.780071428571427,9.839449
1,2.1166666666666667,2.6631658
1,5.5785833333333334,6.894623
11,4.704353174603176,5.635934
3,2.2596666666666665,4.330544
15,17.363928571428573,17.443945
12,8.18545238095238,7.0424504
2,2.5990158730158726,2.5766244
9,9.511492424242425,9.111065
1,6.820847402597401,7.298338
11,10.348286796536797,9.141391
10,7.490456349206353,7.397396
7,10.640900793650793,8.475649
4,6.755,4.9447837
3,7.9275,3.3576787
4,3.0087261904761906,3.6541543
5,4.060238095238095,5.165058
11,9.208710317460316,8.750647
11,4.704353174603176,5.635934
11,10.184977022977021,9.804573
4,1.5127579365079362,1.7388898
1,8.881499999999999,12.685579
8,6.856595238095237,7.41819
7,8.579757215007215,8.094157
2,8.955795454545456,8.4757595
28,24.418285714285716,19.765018
10,10.636916666666666,10.2362995
2,6.833344155844158,5.5906563
37,14.41261111111111,10.906404
11,10.811642135642133,8.932044
10,18.595916666666668,15.608299
11,9.387949639069223,8.950103
1,1.9754206349206347,5.593812
7,7.885261904761904,7.194342
14,3.5803253968253976,5.9481277
11,10.270738095238094,9.883936
3,4.048857142857143,3.7617366
5,1.528,2.2488105
2,4.321833333333335,3.2246425
7,25.6325,23.38364
4,5.430119047619048,4.9638715
40,45.6,46.42244
11,8.54869834087481,8.16329
11,10.908333333333335,9.024932
11,10.792079605207316,9.975765
3,7.714064935064934,8.584933
1,1.2366666666666668,2.4862587
1,1.016,1.338316
10,15.069333333333335,13.295673
11,10.396465367965368,9.293753
11,6.553999999999999,9.800229
3,18.227333333333338,17.38023
12,9.186333333333332,4.720177
10,8.130579933954932,7.8273983
11,23.218023809523807,23.551533
8,3.1517619047619045,4.181279
2,2.8275,1.2709613
6,4.970185064935063,6.3873773
10,7.325613247863249,7.0919943
1,1.06,1.1754454
3,8.14709632034632,5.4366384
1,2.96,4.368641
2,1.4255000000000002,2.7553573
12,13.72833333333333,12.438871
1,3.6500476190476188,4.719777
3,2.2472702020202022,4.291408
1,2.2977142857142856,2.4356148
1,1.5867619047619046,2.573277
11,10.318369047619047,9.718025
2,19.5255,18.391676
1,6.152135642135643,6.540924
23,10.510333333333334,11.124063
1,4.581666666666667,3.5657744
22,19.474404761904765,21.301561
3,2.805,0.61673146
30,32.31,34.517914
1,1.041952380952381,1.5483618
10,8.366761904761905,8.187528
11,9.407761904761902,9.837033
3,2.146666666666667,0.07883786
1,5.72,1.1876378
1,1.2745,2.2013066
11,10.472126984126982,10.126218
6,6.541226190476192,7.242041
1,2.0742499999999997,1.9027798
1,3.1035000000000004,2.2898364
22,31.842000000000002,30.535748
1,3.7618333333333327,-0.1414986
10,9.970091269841271,8.94384
1,2.5193214285714287,3.699745
10,10.118123321123326,9.262422
1,3.1517619047619045,4.181279
7,5.404225746475746,5.2493706
20,3.2540025252525266,4.889722
11,8.625511904761902,8.717182
7,5.680333333333332,5.337172
1,1.4309999999999996,1.7853601
3,7.094104617604617,7.892827
2,8.095112914862915,6.782988
5,4.925473665223667,4.369727
37,13.407333333333332,14.268999
2,25.07490476190476,25.131678
7,7.383690476190476,6.972554
1,1.8883333333333334,1.9652131
10,10.216996753246752,9.708228
6,2.9073875013875012,5.148656
1,4.043333333333333,3.8158953
33,15.879928571428572,16.56196
7,4.904897907647908,6.4099865
3,5.615630952380952,7.023857
36,31.35,35.59039
10,19.124000000000002,20.480383
1,10.792079605207316,9.975765
1,1.8078484848484848,2.5053368
2,1.5509523809523806,1.0890846
4,6.414892857142857,4.590949
11,9.237031746031747,9.626765
6,18.55090476190476,17.768656
2,3.773880952380953,3.1868112
11,10.9735873015873,9.517328
32,20.5125,20.678312
11,10.20452380952381,8.556404
4,10.14392857142857,7.332706
2,2.2977142857142856,2.4356148
9,8.40855591630592,7.0837636
7,2.1198373015873018,2.5449762
11,10.549821428571427,7.716609
3,2.6010000000000004,3.8518705
11,10.227023809523809,8.945696
1,1.3416666666666668,3.0271907
1,15.429146825396824,9.331754
1,1.3363888888888888,-0.50337076
12,3.6040000000000005,2.332069
8,3.432047619047619,5.5884933
32,22.68942857142857,21.025734
15,9.841999999999999,12.473589
1,11.311333333333337,8.15358
26,27.64,30.029207
1,10.989333333333338,10.489562
1,10.655785714285715,9.573942
2,1.520833333333333,3.2537606
2,7.276682539682542,7.005846
11,1.7765,3.918338
8,10.495975108225108,10.160611
10,4.145619047619048,5.569607
10,7.5352460317460315,8.666328
1,1.19,1.6001233
10,9.694236530626235,9.101867
1,1.0,0.81961226
23,4.373333333333333,5.5000873
5,7.380452380952379,7.93668
2,2.4039047619047618,4.40455
11,7.885559884559883,8.544729
1,3.5417023809523815,3.390026
11,11.73,11.904926
21,11.715,10.807223
3,8.343333333333334,10.145249
1,4.568154761904761,5.2398095
11,13.521666666666668,10.768901
3,7.61,8.455664
5,3.1517619047619045,4.181279
1,14.633309523809523,16.387764
5,1.2833333333333332,2.9902189
1,1.2608333333333333,1.699657
1,1.1925,0.6557807
11,9.813869047619049,9.389089
11,9.35526984126984,10.067371
11,11.0,9.775836
10,9.694236530626235,9.101867
1,1.0016666666666667,2.1661654
11,10.707297619047619,10.254384
1,22.27833333333333,21.781935
6,14.494333333333332,12.184973
1,1.7125,2.4355645
2,9.922015873015873,8.681729
10,13.671999999999999,16.494764
4,2.5193214285714287,3.699745
17,16.4597619047619,13.962228
11,10.9735873015873,9.517328
2,28.230904761904757,23.798315
1,6.58867857142857,7.546287
11,8.883380952380952,9.899444
1,1.5566666666666669,0.89689386
4,9.043643657683903,8.672902
13,2.607448412698412,4.7289276
1,2.504095238095238,2.1017106
1,3.9773333333333327,1.523589
11,7.768317460317459,8.576292
1,5.86920238095238,4.8830485
1,4.8110357142857145,4.9899745
6,8.60049603174603,7.518231
46,27.82,25.523209
1,5.249101496542673,7.241078
11,7.459440476190476,8.439065
2,1.8233095238095236,-0.6915425
1,5.197833333333333,5.477608
1,2.308452380952381,1.64121
2,11.56534523809524,8.508568
42,18.55090476190476,17.768656
8,5.051440476190476,7.139314
27,18.079523809523806,19.521631
6,3.057603174603175,5.073125
11,10.93,8.519378
10,7.762761904761905,8.517374
7,9.71623015873016,9.094617
12,15.979595238095238,12.268403
7,10.614115079365078,9.571545
1,19.124000000000002,20.480383
1,1.06,1.2178003
11,8.913255772005773,8.949355
4,7.103944444444442,7.824357
11,5.283833333333333,6.999601
8,8.045809523809526,7.5104895
6,4.925225108225109,4.5412207
1,12.905,21.962118
11,6.58867857142857,7.546287
9,8.4315,5.855859
1,6.774071428571429,4.436438
33,23.218023809523807,23.551533
1,1.2096190476190478,1.1510665
11,8.130579933954932,7.8273983
29,16.086000000000002,18.212849
3,1.5125,1.8497635
6,6.491896811521811,6.5623016
31,8.528404761904762,9.816633
11,5.4866746031746025,6.8185925
13,11.285,10.31452
11,10.899690143190144,9.608906
7,6.486190476190476,6.9581265
6,10.17113492063492,11.478823
13,8.636333333333333,7.4824815
2,2.0135,2.563137
11,6.125547258297259,7.876962
1,1.4746666666666668,1.9088852
1,4.904897907647908,6.4099865
1,13.279928571428568,15.131317
4,4.003960317460319,5.339945
6,8.643799808175553,8.586705
1,1.9754206349206347,5.593812
11,9.592837301587299,9.386434
4,7.616761904761905,6.393584
1,1.8098333333333334,0.47934616
9,3.7942207653457647,4.1292577
11,10.636916666666666,10.2362995
4,6.71255158730159,6.7756853
8,4.133978632478633,4.672653
2,1.9279722222222222,3.9903798
1,8.316106782106786,9.11724
10,7.8266000018643185,8.182498
11,8.36863095238095,7.8910913
4,3.8148510101010085,3.8011315
3,3.0025,0.6381661
2,9.0325,9.329314
10,7.154190476190475,5.885791
2,3.983936507936507,5.4714236
10,11.600214285714287,13.175715
9,17.17833333333333,15.621405
32,15.239166666666668,16.315874
29,6.913654761904761,4.6677217
17,5.807464285714286,7.960129
1,1.3420198412698414,2.1237214
11,9.041333333333334,7.360225
14,8.574738095238093,6.1754146
10,5.3169642857142865,6.77176
5,7.459440476190476,8.439065
11,5.599785353535351,6.489264
7,9.767541486291485,9.391988
9,8.219285714285716,10.128374
1,1.9308888888888887,4.33241
45,45.83,42.62143
31,23.72,24.909346
1,23.058333333333334,16.378643
25,9.261666666666667,7.1528673
1,1.715444444444445,2.2118886
2,10.359997668997671,10.565084
3,5.607674603174603,6.141665
3,10.409333333333334,11.282384
28,14.186333333333332,14.523816
6,9.71623015873016,9.094617
1,3.8148510101010085,3.8011315
11,9.201980880230883,9.1453285
11,10.9725,9.031882
3,2.9556666666666667,2.7597363
11,6.5580952380952375,5.7516494
6,2.607448412698412,4.7289276
6,1.3258333333333334,2.4718943
9,9.712510989010987,8.599174
7,2.632777777777777,5.069022
3,8.009534437784438,7.9091997
9,7.9089145299145285,7.8013997
2,14.152904761904763,15.1163
1,3.653666666666666,4.5987287
1,1.8078484848484848,2.5053368
11,7.164786855372532,7.8473625
14,20.572821428571423,18.942305
2,1.4800476190476184,2.141874
4,4.224047619047618,2.675783
7,9.3,8.776471
26,15.595666666666668,13.007921
27,15.464642857142856,15.816405
1,1.2516666666666665,1.3646648
1,2.8106666666666666,0.757908
11,8.41552614052614,8.291594
9,13.646666666666665,13.499423
10,10.636916666666666,10.2362995
1,5.283833333333333,6.999601
1,1.4769999999999996,2.451988
11,6.71255158730159,6.7756853
34,45.39,43.938858
3,3.9838293650793664,5.4420853
5,4.48,6.7432036
1,6.251666666666668,7.383427
13,31.218833333333333,33.688824
11,10.495975108225108,10.160611
7,5.236566655566657,7.774505
10,6.690849206349208,7.6522074
2,4.062474115495789,6.925609
39,3.55304761904762,6.1612024
14,8.14709632034632,5.4366384
1,1.2125,2.525785
19,28.796999999999997,24.978853
11,8.113609307359308,8.61781
1,11.631833333333335,8.709269
6,9.387949639069223,8.950103
1,6.832151154401153,5.916441
8,7.740357142857141,8.301444
11,1.9277222222222221,3.2632172
3,12.847047619047618,12.087887
10,15.578166666666666,14.888003
1,2.7733982683982688,2.6546068
6,1.24,3.056538
14,7.714064935064934,8.584933
48,13.127333333333333,13.087299
23,22.854285714285716,20.140896
10,7.65,9.702506
14,15.302666666666664,17.735165
5,2.9718809523809515,5.4887953
10,4.685273809523809,6.668804
11,9.043643657683903,8.672902
11,10.01732611832612,9.537791
29,13.645999999999999,13.792105
1,3.7942207653457647,4.1292577
7,2.3748333333333336,1.4762673
1,1.5276666666666665,2.3246477
1,8.481333333333334,3.0568357
8,12.925595238095239,12.144258
1,5.484808746808751,5.7107983
2,8.574738095238093,6.1754146
8,2.743166666666667,4.8947325
6,6.3,8.213215
10,6.152135642135643,6.540924
2,3.891333333333333,5.545306
35,46.43,45.087067
9,6.5846904761904765,6.8525534
1,1.603333333333333,2.7750304
1,2.4039047619047618,4.40455
11,7.680771284271283,7.961266
1,2.481833333333333,5.797439
3,7.589980158730159,8.8090515
1,2.610333333333333,5.0229383
11,6.5580952380952375,5.7516494
3,1.0395,0.9534375
6,22.85666666666667,21.321781
2,4.09875,2.1028821
11,8.554548146298147,8.783375
1,1.3901190476190477,3.3653052
9,11.885357142857144,11.546782
8,4.354714285714286,4.5182023
37,4.23012012987013,5.3058248
4,7.817833333333333,9.402916
3,8.095112914862915,6.782988
9,6.9495000000000005,7.0650945
7,3.5614285714285723,4.1044574
10,7.694094821844824,6.4681277
9,2.2596666666666665,4.330544
36,10.922047619047621,13.730543
1,9.118126984126985,6.2602057
28,19.479666666666663,19.219952
1,1.145,0.7395648
9,6.690849206349208,7.6522074
2,5.737666666666667,5.920509
5,1.3283333333333334,3.5965204
3,1.595,3.2633364
1,4.647527777777778,5.899605
1,7.554001443001446,9.287858
1,2.2528333333333332,0.89019245
6,1.2516666666666665,1.3646648
11,7.688698412698414,8.094195
5,3.9924246031746033,6.7365756
2,1.1166666666666665,1.1968462
43,9.801642857142856,8.374337
16,5.321142857142857,8.285706
10,6.491896811521811,6.5623016
11,10.270738095238094,9.883936
5,9.986333333333338,8.779245
9,6.624977272727273,7.01771
11,8.569103174603175,8.6015
7,8.883380952380952,9.899444
10,7.5352460317460315,8.666328
11,10.899690143190144,9.608906
3,1.5552380952380955,3.4003775
7,8.194628066378067,7.7218533
1,2.137,2.0070047
12,15.887333333333329,14.329273
34,23.29,26.428165
6,15.887333333333329,14.329273
34,20.35514285714286,21.66899
7,3.1242380952380957,3.3391006
1,1.1266666666666665,1.4410536
5,1.4535119047619047,3.293357
20,2.0282976190476196,5.5799646
10,10.19209036229508,10.094815
3,12.847047619047618,12.087887
11,3.887452380952381,4.6833944
9,5.7093333333333325,6.3388076
11,7.446111111111112,8.439496
12,7.993333333333334,10.660136
7,16.410000000000004,14.150056
3,20.95266666666667,19.592848
11,10.792079605207316,9.975765
2,18.262845238095238,15.745689
8,9.352300865800867,8.597951
4,2.9552857142857145,4.960465
28,6.018619047619048,9.5613165
11,8.045809523809526,7.5104895
23,42.09,41.254734
4,3.5803253968253976,5.9481277
9,5.111821067821066,6.0734763
16,4.517103174603173,7.8573437
1,2.459071428571429,1.3770384
27,19.88016666666667,17.845215
11,10.640900793650793,8.475649
4,2.0493333333333332,1.4526306
2,2.07125,1.8323846
1,7.097333333333335,6.861359
4,2.0608333333333335,3.464258
2,4.945833333333334,3.7924838
1,9.844666666666667,5.5705543
1,4.744135087135088,4.221928
3,6.414892857142857,4.590949
10,7.112653318903318,7.330167
10,9.761091269841272,9.08483
1,4.576333333333334,5.770812
7,4.424452380952381,4.295781
7,11.600214285714287,13.175715
10,5.708416666666668,5.986767
1,29.741333333333333,32.02594
15,17.7252380952381,17.52288
11,5.1143682802062065,6.897197
2,2.2415000000000003,-0.198491
5,5.367472222222221,5.8533254
1,1.0933333333333335,0.6664317
7,10.93357142857143,10.165739
7,9.813869047619049,9.389089
2,1.1566666666666667,1.8061419
1,1.2125,1.7994521
8,2.557722222222222,4.881019
11,4.704353174603176,5.635934
6,3.9049324075047753,7.2894316
10,9.352300865800867,8.597951
2,2.440734126984127,3.3348236
30,20.065,23.990562
1,1.3144999999999996,0.9507703
11,10.20452380952381,8.556404
11,8.921857142857142,8.374577
5,4.156036019536018,5.389155
1,1.531904761904762,3.624454
21,35.92,30.308811
14,7.44,8.349335
10,5.095015873015873,4.454193
11,7.276682539682542,7.005846
6,3.655142857142857,6.420165
26,20.979333333333333,21.592037
5,1.723702380952381,6.17135
11,10.227023809523809,8.945696
11,7.880533910533909,9.035538
33,30.1,30.058838
6,2.4039047619047618,4.40455
7,9.403083333333333,7.2510934
1,1.92,1.2608494
10,8.279690836940837,8.50404
19,2.743166666666667,4.8947325
11,5.807464285714286,7.960129
1,1.03,3.104291
24,17.743,18.799166
2,2.085,2.6406305
3,4.81,4.7047896
1,1.3418769841269842,1.2730769
1,1.7947619047619048,1.2450765
1,4.0906666666666665,3.6043024
1,2.049666666666667,3.1917691
2,10.450575396825398,7.880508
11,11.818519841269842,11.7373295
10,5.043094155844154,7.3924465
17,15.239166666666668,16.315874
8,9.1555,8.122633
6,5.238333333333332,6.0780187
7,3.3983809523809523,3.5610735
20,18.78847619047619,17.676813
2,4.053354978354978,3.677578
11,10.227023809523809,8.945696
1,4.156036019536018,5.389155
9,7.280119047619049,8.892975
11,10.792079605207316,9.975765
1,1.91,0.44560033
12,7.2284999999999995,6.936861
10,18.423333333333332,16.704342
8,3.9523412698412694,5.643524
11,10.593166666666669,8.891485
23,29.68,25.242517
1,1.07,1.6131736
1,1.01,0.6697038
1,1.3823333333333334,3.6044521
8,4.893287878787879,5.4976773
3,4.240666666666666,9.427071
1,2.661666666666666,2.2033017
4,10.825333333333333,10.536609
7,7.383690476190476,6.972554
7,21.72697619047619,19.735731
5,3.436817460317461,5.1546526
7,2.4705637140637147,3.2770305
8,2.6714878177378183,3.8479686
8,31.84,27.07803
1,7.75898015873016,6.603545
2,3.4930000000000003,3.459943
6,10.018000000000004,9.1552305
5,8.754683066933065,8.225795
4,7.885559884559883,8.544729
6,7.112653318903318,7.330167
46,34.36,35.152306
24,31.125833333333336,33.13877
9,9.044107142857143,8.78025
1,1.4043333333333337,1.4466803
24,17.44501984126984,16.9715
1,2.883452380952381,3.4904137
3,5.7968095238095225,4.548767
1,9.133550144300145,8.000217
1,1.3595,2.2648783
5,6.414892857142857,4.590949
9,4.258674603174603,4.2171497
4,3.9924246031746033,6.7365756
8,4.976078282828283,5.072295
7,16.427686507936507,16.53917
5,9.387949639069223,8.950103
8,9.922015873015873,8.681729
1,2.28,0.9797407
4,4.658185064935066,4.4318085
7,4.188809523809524,5.648776
20,19.932166666666667,20.309423
1,27.400047619047612,13.323266
11,10.01732611832612,9.537791
6,3.991321428571429,4.007905
26,27.135785714285714,21.25664
1,4.8110357142857145,4.9899745
8,7.305436507936511,5.676987
10,7.3407651515151535,7.839302
11,8.660928571428569,9.503781
3,1.03,1.2503995
11,10.19209036229508,10.094815
30,13.879944444444442,16.591318
13,13.503666666666666,13.492976
18,9.80304761904762,12.412223
2,23.388833333333338,18.397537
7,9.904285714285715,8.188805
10,8.22,8.723443
3,7.112653318903318,7.330167
1,1.8133333333333332,1.0017351
9,6.96,7.559333
23,21.766666666666666,21.298822
2,2.007761904761905,2.9530406
5,15.483333333333334,11.809342
1,7.145944444444444,7.8837533
1,8.802095238095239,8.128249
21,16.06183333333333,17.773438
5,7.489734126984127,8.975286
10,9.694236530626235,9.101867
44,40.07,32.847706
1,2.2881904761904757,2.531518
1,24.830523809523807,20.169159
10,10.417912698412698,7.9102836
10,8.366523809523809,9.023012
9,3.6040000000000005,2.332069
1,1.0,1.3105586
1,18.086,18.95709
38,3.550710317460318,4.176432
1,5.249101496542673,7.241078
10,8.554572288822293,8.761796
28,6.24897619047619,10.516014
1,3.168333333333334,2.3229117
3,4.925225108225109,4.5412207
22,16.28483333333333,17.384872
1,1.4043333333333337,1.4466803
18,36.36,33.65281
8,7.311333333333334,8.973476
10,6.5378888888888875,6.4638295
41,5.171142857142858,12.809921
9,5.41552380952381,4.620522
30,7.350880952380951,9.317355
7,4.857282967032967,7.6606126
7,9.154785714285714,8.990544
20,4.421428571428572,4.9428
1,1.04,3.1358685
5,12.90753968253968,7.6374617
2,2.4705637140637147,3.2770305
11,10.442225108225104,10.051616
10,10.779591269841273,10.443484
6,2.2900714285714288,2.3216112
11,9.043643657683903,8.672902
10,3.31,1.9410655
1,2.0023333333333335,2.5584593
